Anasteria,-5758.20,-0.11,146.80
Ancient Grove,-325.00,-3.17,-3609.00
Ancient Shambler,763.06,7.19,-1464.22
Archon Barthollem,-5460.13,-8.09,1791.33
Ashen Waste Rift (Entrance 1),-2739.61,20.02,-221.19
Ashen Waste Rift (Entrance 2),-2783.49,19.18,-142.25
Ashen Waste Rift (Entrance 3),-2711.26,16.71,-157.26
Ashen Waste Rift (Entrance 4),-2742.88,16.17,-115.86
Ashen Waste Rift (Entrance 5),-2789.07,16.55,-50.64
Ashen Waste Rift (Entrance 6),-2764.75,16.78,-39.11
Astros The Sunherald,-6013.75,-1.44,4286.59
Blugrug The Living Plague,-2596.48,12.92,-4886.23
Balegor The Swamp King,-248.31,4.22,-1320.49
Bargoll The Mouldering Mound Spawn 1,-1362.35,0.71,-3474.20
Bargoll The Mouldering Mound Spawn 2,-1425.53,-0.11,-3299.69
Bargoll The Mouldering Mound Spawn 3,-967.67,1.20,-3175.45
Bargoll The Mouldering Mound Spawn 4,-1033.71,-0.37,-3083.50
Bargoll The Mouldering Mound Spawn 5,-956.98,-0.99,-3069.38
Bargoll The Mouldering Mound Spawn 6,-697.52,-0.89,-2887.87
Baros Wradlith,-937.42,12.19,2135.04
Barrog The Bloodied,-6.38,1.42,-176.23
Bastion of Chaos,-1733.00,-5.11,4296.00
Bloodfeast The Ruthless,-2007.37,0.25,2410.88
Bloodlord Thalonis,-6333.45,-8.11,-378.81
Blugrug The Living Plague,-2596.48,12.92,-4886.23
Bolvar The Bloodbinder Spawn 1,-2766.16,20.66,-227.60
Bolvar The Bloodbinder Spawn 2,-2742.88,16.17,-115.86
Bolvar The Bloodbinder Spawn 3,-2738.69,17.73,-65.79
Boris Master Of The Pit,-1009.16,11.43,-20.23
Brother Segarius Spawn 1,-4732.34,53.36,3858.00
Brother Segarius Spawn 2,-4675.53,47.85,3861.96
Brother Segarius Spawn 3,-4732.87,50.27,3745.55
Carraxus Foul,-1904.86,-1.28,-1918.15
Cinder Wastes Rift (Entrance 1),-2344.16,4.99,-4110.12
Cinder Wastes Rift (Entrance 2),-2140.92,5.00,-4178.41
Cinder Wastes Rift (Entrance 3),-2231.68,5.07,-4074.76
Commander Lucius,-6142.51,0.06,185.12
CronleyDireni,-474.86,15.00,1089.33
CronleySpawn,-617.94,15.00,1133.30
Dreven Cole,-454.20,16.62,-5558.20
Ellena The First Slith,943.11,1.00,953.54
Father Kymon Avatar Of Korvaak,-5947.56,12.53,3937.44
Father Of Abaddoth - Betrayer Of Menhir,-716.79,6.61,-1484.08
Fleshweaver Krieg,353.06,-7.68,-5377.96
Galakros The Mountain,1027.00,7.75,-4948.75
Galeslice The Ruthless,-476.50,-0.30,-1239.50
Gannar'Vakkar,-3753.78,6.33,5125.60
Gollus The Deepdweller,-3841.42,-0.09,1237.95
Grand Priest Zarthuzellan,-1759.00,0.27,1844.00
Grundlepith The Hoarder,-942.00,-0.72,-1195.00
Guardian Of Bysmiel,-5762.64,0.51,2064.28
Guardian Of Dreeg,19.94,11.67,-362.83
Guardian Of Solael,-790.00,7.15,521.34
Gurblix The Digested,-1807.41,-5.33,5902.57
Gutworm The Maneater,718.50,-0.15,-2027.50
Halion The Rat Spawn 1,-694.74,16.81,2242.38
Halion The Rat Spawn 2,-685.29,7.94,2121.22
Hallanx The Forgotten,-2780.03,-9.71,4217.68
Handarroth Spawn 1,-1025.78,18.25,-2149.27
Handarroth Spawn 2,-1000.08,19.32,-2057.19
Handarroth Spawn 3,-989.69,4.91,-2030.22
Handarroth Spawn 4,-859.74,3.63,-2098.26
Handarroth Spawn 5,-956.13,3.75,-2010.83
Harvoul The Earthshaker,-5448.05,-7.91,1048.28
Herald Of Destruction,-1886.07,5.26,637.87
Herald Of The Flame,-2145.66,13.60,-289.18
Herald Of The Stars,-3694.00,-0.52,-1241.00
High Priest Rolderathis,675.01,0.01,-1327.24
Ikrix The Ravener Spawn 1,-1965.34,-4.32,1420.07
Ikrix The Ravener Spawn 2,-1924.46,5.65,1379.38
Ikrix The Ravener Spawn 3,-1955.10,7.15,1483.47
Ikrix The Ravener Spawn 4,-1842.20,-3.71,1394.84
Inashkor Temple Guardian,-2687.69,5.33,4519.63
Janaxia The Betrayer,-2520.33,0.75,-2513.24
Jarinthor The Sandstorm,-5626.31,14.01,6530.03
Kalis Ka The Bonehunter,-213.68,26.54,-1697.61
Karnath Chillblod - Coliseum Amalgum,-1205.77,25.11,430.14
Karroz Sigil Of Ch'thon,-5973.14,29.69,629.32
Ketan-Thunn,-2687.69,5.33,4519.63
Kilrian The Tainted Soul,22.20,8.16,1951.20
Kra'vall Ancient Of The Waters,-858.10,-1.14,-3193.77
Kyzogg The Reanimator,1268.03,-1.00,-469.57
Larria The Hexxer,-2195.34,-1.23,-2462.30
Lokarr (@Root Of All Evil),-1045.02,23.34,-5502.55
Loxmere Nightblade (Go East),-4634.01,12.83,-799.60
Malkadarr Champion Of Death's Vigil,-5460.13,-8.09,1791.33
Master Ravok The Death's Whisper,-5834.98,-7.85,1033.58
Milton Hart Spawn 1,-140.32,1.23,-713.62
Milton Hart Spawn 2,-143.93,1.75,-760.49
Milton Hart Spawn 3,-210.10,2.36,-725.91
Mogara The Prime Matriarch,-1687.93,28.32,444.49
Moneybags Martin Spawn 1,-541.70,15.00,1165.10
Moneybags Martin Spawn 2,-610.17,8.32,1285.13
Moneybags Martin Spawn 3,-491.32,15.00,1193.61
Nacrathan The Timeless,-5386.39,-8.41,2095.41
Nicholas Balthazar(goSouth),-714.77,6.46,1544.43
Okaloth The Messenger,-5233.48,-3.18,4710.98
Ol' Bloodbriar,-2482.44,2.62,1577.52
Ollivioth Spawn 1,-1455.76,0.44,-3367.58
Ollivioth Spawn 2,-1342.67,0.74,-3309.27
Ollivioth Spawn 3,-1072.09,-1.08,-2994.24
Packla The Turning Spawn 1,-915.59,2.99,-2477.69
Packla The Turning Spawn 2,-866.01,9.95,-2352.88
Packla The Turning Spawn 3,-1051.39,17.03,-2168.16
Packla The Turning Spawn 4,-968.50,4.60,-2032.03
Packla The Turning Spawn 5,-852.84,4.35,-2139.44
Packla The Turning Spawn 6,-972.08,3.76,-1981.01
Plagius The Decrepit,-5682.72,-6.06,-734.40
Port Valbury,-3694.00,-0.52,-1241.00
Primordian The Forgotten One,1486.26,9.35,170.88
Pusquill The Hoarder,997.08,-0.26,-255.50
Ragrathar Rageblood (mult. spawns go SE),-4720.89,33.76,54.10
Rashalga The Mad Queen,-5845.04,6.65,2052.28
Rift-Claimed Adherent Spawn 2,-1046.50,25.23,-5529.50
Rift-Claimed Adherent Spawn 4,-1027.41,29.97,-5762.56
Ronaprax The Grand Queen,-661.37,-0.25,2783.35
Rutnick The Cruel,-1200.19,10.09,130.27
Salazar Blade Of Ch'thon,1108.20,-4.00,-807.25
Sanctum of the Chosen (Entrance),-1024.43,24.80,-5331.32
Sister Bravna The Skybreaker,-5834.98,-7.85,1033.58
Sister Crimson Vengeance Of Kymon,-4101.42,-0.03,3985.58
Swarm Queen Ravna,-3603.81,-0.63,729.21
Terrnox Spawn 1,742.98,-18.00,-4393.00
Terrnox Spawn 2,773.55,-4.00,-4296.01
Terrnox Spawn 3,780.67,-18.00,-4406.02
The Amalgamation,-2413.18,12.00,289.74
The Forsaken Wastes (Entrance 1),-4745.32,11.05,-832.86
The Forsaken Wastes (Entrance 2),-4681.92,14.09,-884.26
The Forsaken Wastes (Entrance 3),-4633.37,13.38,-796.37
The Sentinel,1505.59,6.28,-2731.65
The Steps of Torment,-1759.00,0.27,1844.00
The Steward,-4455.22,48.41,4301.17
The Undergrowth,-2465.71,1.93,-2045.54
Tomb of the Heretic,-4337.07,-12.31,3096.82
Tyrant's Hold Rift,-1417.53,12.23,152.84
Ulraprax The Hive Matriarch,-698.22,-0.00,2542.70
Ungoliax The Gloomweaver,-3252.87,-4.04,1856.53
Valaxteria,-3095.01,28.92,-4347.25
Venarius The Backbreaker,-2941.23,0.29,-543.60
Viloth The Corruptor,643.90,0.69,-929.01
Voldrak The Destroyer,-1178.52,22.96,1398.60
Warden Krieg,572.44,1.12,-2686.35
Wraith Of Sorrows,-3602.40,-0.13,1551.69
Yuvolloth Spawn 1,-1044.07,0.10,-3030.24
Yuvolloth Spawn 2,-714.20,1.03,-2972.45
Yuvolloth Spawn 3,-618.94,2.90,-2966.31
Zaria The Carver,-3455.35,52.87,-135.16